id,name,description,image
1,Product 1,Description for Product 1,https://img.freepik.com/premium-photo/3d-render-image-phones-podium_566733-230.jpg?ga=GA1.1.23316741.1725268284&semt=ais_hybrid
2,Product 2,Description for Product 2,https://img.freepik.com/premium-photo/3d-render-image-phones-podium_566733-230.jpg?ga=GA1.1.23316741.1725268284&semt=ais_hybrid
3,Product 3,Description for Product 3,https://img.freepik.com/premium-photo/3d-render-image-phones-podium_566733-230.jpg?ga=GA1.1.23316741.1725268284&semt=ais_hybrid
4,Product 4,Description for Product 4,https://img.freepik.com/premium-photo/3d-render-image-phones-podium_566733-230.jpg?ga=GA1.1.23316741.1725268284&semt=ais_hybrid
5,Product 5,Description for Product 5,https://img.freepik.com/premium-photo/3d-render-image-phones-podium_566733-230.jpg?ga=GA1.1.23316741.1725268284&semt=ais_hybrid
6,Product 6,Description for Product 6,https://img.freepik.com/premium-photo/3d-render-image-phones-podium_566733-230.jpg?ga=GA1.1.23316741.1725268284&semt=ais_hybrid
7,Product 7,Description for Product 7,https://img.freepik.com/premium-photo/3d-render-image-phones-podium_566733-230.jpg?ga=GA1.1.23316741.1725268284&semt=ais_hybrid
8,Product 8,Description for Product 8,https://img.freepik.com/premium-photo/3d-render-image-phones-podium_566733-230.jpg?ga=GA1.1.23316741.1725268284&semt=ais_hybrid
9,Product 9,Description for Product 9,https://img.freepik.com/premium-photo/3d-render-image-phones-podium_566733-230.jpg?ga=GA1.1.23316741.1725268284&semt=ais_hybrid
10,Product 10,Description for Product 10,https://img.freepik.com/premium-photo/3d-render-image-phones-podium_566733-230.jpg?ga=GA1.1.23316741.1725268284&semt=ais_hybrid
11,Product 11,Description for Product 11,https://img.freepik.com/premium-photo/3d-render-image-phones-podium_566733-230.jpg?ga=GA1.1.23316741.1725268284&semt=ais_hybrid
12,Product 12,Description for Product 12,https://img.freepik.com/premium-photo/3d-render-image-phones-podium_566733-230.jpg?ga=GA1.1.23316741.1725268284&semt=ais_hybrid
13,Product 13,Description for Product 13,https://img.freepik.com/premium-photo/3d-render-image-phones-podium_566733-230.jpg?ga=GA1.1.23316741.1725268284&semt=ais_hybrid
14,Product 14,Description for Product 14,https://img.freepik.com/premium-photo/3d-render-image-phones-podium_566733-230.jpg?ga=GA1.1.23316741.1725268284&semt=ais_hybrid
15,Product 15,Description for Product 15,https://img.freepik.com/premium-photo/3d-render-image-phones-podium_566733-230.jpg?ga=GA1.1.23316741.1725268284&semt=ais_hybrid
16,Product 16,Description for Product 16,https://img.freepik.com/premium-photo/3d-render-image-phones-podium_566733-230.jpg?ga=GA1.1.23316741.1725268284&semt=ais_hybrid
17,Product 17,Description for Product 17,https://img.freepik.com/premium-photo/3d-render-image-phones-podium_566733-230.jpg?ga=GA1.1.23316741.1725268284&semt=ais_hybrid
18,Product 18,Description for Product 18,https://img.freepik.com/premium-photo/3d-render-image-phones-podium_566733-230.jpg?ga=GA1.1.23316741.1725268284&semt=ais_hybrid
19,Product 19,Description for Product 19,https://img.freepik.com/premium-photo/3d-render-image-phones-podium_566733-230.jpg?ga=GA1.1.23316741.1725268284&semt=ais_hybrid
20,Product 20,Description for Product 20,https://img.freepik.com/premium-photo/3d-render-image-phones-podium_566733-230.jpg?ga=GA1.1.23316741.1725268284&semt=ais_hybrid

